user_id,user_name,user_email,user_password,user_mobile_number
1,Иван,ivan123@example.com,p@ssw0rd123                                       ,79123456789
2,Елена,elena456@example.com,qwerty456                                         ,79234567890
3,Дмитрий,dmitriy789@example.com,abc123xyz                                         ,79345678901
4,Анна,anna101112@example.com,password789                                       ,79456789012
5,Сергей,sergey131415@example.com,securepwd321                                      ,79567890123
6,Мария,maria161718@example.com,myp@ss789                                         ,79678901234
7,Александр,alex192021@example.com,pass123word                                       ,79789012345
8,Ольга,olga222324@example.com,mysecret123                                       ,79890123456
9,Артем,artem252627@example.com,securepassword456                                 ,79901234567
10,Екатерина,ekaterina282930@example.com,letmein789                                        ,70012345678
11,Павел,pavel313233@example.com,qwertyuiop123                                     ,70123456789
12,Алиса,alisa343536@example.com,password123456                                    ,70234567890
13,Николай,nikolay373839@example.com,mypassword123                                     ,70345678901
14,Ирина,irina404142@example.com,secure123pwd                                      ,70456789012
15,Владимир,vladimir434445@example.com,pass789word                                       ,70567890123
16,Евгения,evgenia464748@example.com,letmein123                                        ,70678901234
17,Григорий,grigoriy495051@example.com,qwerty123456                                      ,70789012345
18,Татьяна,tatyana525354@example.com,password789123                                    ,70890123456
19,Максим,maxim555657@example.com,myp@ss123                                         ,70901234567
20,Елена,elena585960@example.com,securepwd789                                      ,71012345678
21,Андрей,andrey616263@example.com,letmein456                                        ,71123456789
22,Анастасия,anastasiya646566@example.com,qwerty789                                         ,71234567890
23,Дарья,darya676869@example.com,mypassword456                                     ,71345678901
24,Сергей,sergey707172@example.com,secure789pwd                                      ,71456789012
25,Ольга,olga737475@example.com,password123789                                    ,71567890123
26,Иван,ivan767778@example.com,letmein789123                                     ,71678901234
27,Наталья,natalya798081@example.com,qwerty456789                                      ,71789012345
28,Алексей,alexey828384@example.com,myp@ss456                                         ,71890123456
29,Екатерина,ekaterina858687@example.com,secure789pwd                                      ,71901234567
30,Денис,denis1234@example.com,passw0rd123                                       ,79123456780
31,Евгений,evgeniy5678@example.com,abc123def456                                      ,79234567801
32,Олеся,olesya91011@example.com,qwerty7890                                        ,79345678012
33,Александра,aleksandra121314@example.com,password123abc                                    ,79456780123
34,Михаил,mikhail151617@example.com,securepass123                                     ,79567801234
35,Елена,elena181920@example.com,myp@ssword789                                     ,79678012345
36,Ирина,irina212223@example.com,letmein123456                                     ,79789012356
37,Андрей,andrey242526@example.com,qwerty123abc                                      ,79890123567
38,Ксения,kseniya272829@example.com,mypassword123abc                                  ,79901235678
39,Виктор,viktor303132@example.com,secure789password                                 ,70012356789
40,Наталья,natalya333435@example.com,letmein789abc                                     ,70123467890
41,Павел,pavel363738@example.com,qwerty456abc                                      ,70234578901
42,Анастасия,anastasiya394041@example.com,myp@ssword789abc                                  ,70345689012
43,Георгий,georgiy424344@example.com,securepass123abc                                  ,70456790123
44,Елена,elena454647@example.com,letmein123456abc                                  ,70567801234
45,Валентина,valentina484950@example.com,qwerty123abc456                                   ,70678012345
46,Сергей,sergey515253@example.com,mypassword789abc                                  ,70789023456
47,Алиса,alisa545556@example.com,securepassword123abc                              ,70890134567
48,Алексей,alexey575859@example.com,letmein789abc123                                  ,70901245678
49,Мария,maria606162@example.com,qwerty123abc456                                   ,71012356789
50,Дмитрий,dmitriy636465@example.com,myp@ssword789abc                                  ,71123467890
51,Елена,elena666768@example.com,securepass123abc                                  ,71234578901
52,Анна,anna697071@example.com,letmein123456abc                                  ,71345689012
53,Иван,ivan727374@example.com,qwerty123abc456                                   ,71456790123
54,Ольга,olga757677@example.com,mypassword789abc                                  ,71567801234
55,Владимир,vladimir787980@example.com,securepassword123abc                              ,71678012345
56,Татьяна,tatyana818283@example.com,letmein789abc123                                  ,71789023456
57,София,sofia848586@example.com,qwerty123abc456                                   ,71890134567
58,Никита,nikita878889@example.com,mypassword789abc                                  ,71901245678
59,Артемий,artemiy901234@example.com,passw0rdabc123                                    ,79123456701
60,Дарина,darina567890@example.com,abc123def456ghi                                   ,79234567012
61,Василиса,vasilisa9101112@example.com,qwerty7890jkl                                     ,79345670123
62,Роман,roman12131415@example.com,password123abcxyz                                 ,79456701234
63,Елена,elena16171819@example.com,securepass123xyz                                  ,79567012345
64,Игорь,igor20212223@example.com,myp@ssword789xyz                                  ,79670123456
65,Анна,anna24252627@example.com,letmein123456xyz                                  ,79701234567
66,Полина,polina28293031@example.com,qwerty123abcxyz                                   ,79812345678
67,Дмитрий,dmitriy32333435@example.com,myp@ssword789abcxyz                               ,79923456789
68,Маргарита,margarita36373839@example.com,securepass123abcxyz                               ,70034567890
69,Андрей,andrey40414243@example.com,letmein123456abcxyz                               ,70145678901
70,Евгения,evgeniya44454647@example.com,qwerty123abcxyz                                   ,70256789012
71,Артем,artem48495051@example.com,myp@ssword789abcxyz                               ,70367890123
72,Ольга,olga52535455@example.com,securepass123abcxyz                               ,70478901234
73,Максим,maxim56575859@example.com,letmein123456abcxyz                               ,70590123456
74,Алина,alina60616263@example.com,qwerty123abcxyz                                   ,70601234567
75,Анастасия,anastasiya64656667@example.com,myp@ssword789abcxyz                               ,70712345678
76,Иван,ivan68697071@example.com,securepass123abcxyz                               ,70823456789
77,Наталья,natalya72737475@example.com,letmein123456abcxyz                               ,70934567890
78,Сергей,sergey76777879@example.com,qwerty123abcxyz                                   ,71045678901
79,Екатерина,ekaterina80818283@example.com,myp@ssword789abcxyz                               ,71156789012
80,Владимир,vladimir84858687@example.com,securepass123abcxyz                               ,71267890123
81,Елизавета,elizaveta88899091@example.com,letmein123456abcxyz                               ,71378901234
82,Александр,alexandr92939495@example.com,qwerty123abcxyz                                   ,71490123456
83,Антон,anton96979899@example.com,myp@ssword789abcxyz                               ,71501234567
84,Татьяна,tatyana00010203@example.com,securepass123abcxyz                               ,71612345678
85,Олег,oleg04050607@example.com,letmein123456abcxyz                               ,71723456789
86,Дарья,darya08091011@example.com,qwerty123abcxyz                                   ,71834567890
87,Ирина,irina12131415@example.com,myp@ssword789abcxyz                               ,71945678901
88,Павел,pavel16171819@example.com,securepass123abcxyz                               ,72056789012
89,Мария,maria20212223@example.com,letmein123456abcxyz                               ,72167890123
90,Илья,ilya24252627@example.com,qwerty123abcxyz                                   ,72278901234
91,Евгений,evgeniy28293031@example.com,myp@ssword789abcxyz                               ,72390123456
92,Кристина,kristina32333435@example.com,securepass123abcxyz                               ,72401234567
93,Валентин,valentin36373839@example.com,letmein123456abcxyz                               ,72512345678
94,Елизавета,elizaveta40414243@example.com,qwerty123abcxyz                                   ,72623456789
95,София,sofia44454647@example.com,myp@ssword789abcxyz                               ,72734567890
96,Глеб,gleb48495051@example.com,securepass123abcxyz                               ,72845678901
97,Марина,marina52535455@example.com,letmein123456abcxyz                               ,72956789012
98,Никита,nikita56575859@example.com,qwerty123abcxyz                                   ,73067890123
99,Александра,aleksandra60616263@example.com,myp@ssword789abcxyz                               ,73178901234
100,Алексей,alexey64656667@example.com,securepass123abcxyz                               ,73290123456
